country,year,vehicle_sales
albania,2005,1000
albania,2006,1000
albania,2007,1800
albania,2008,1800
albania,2009,1200
albania,2010,1800
albania,2011,2260
albania,2012,2500
albania,2013,2490
albania,2014,2750
albania,2015,2750
albania,2016,2750
albania,2017,3365
algeria,2005,99422
algeria,2006,109578
algeria,2007,127030
algeria,2008,146892
algeria,2009,176773
algeria,2010,133406
algeria,2011,227925
algeria,2012,255167
algeria,2013,304854
algeria,2014,292100
algeria,2015,243379
algeria,2016,99600
algeria,2017,94407.99
angola,2005,9000
angola,2006,12000
angola,2007,5500
angola,2008,5500
angola,2009,15000
angola,2010,30000
angola,2011,15000
angola,2012,28000
angola,2013,29000
angola,2014,35700
angola,2015,18000
angola,2016,7300
angola,2017,4230.3
argentina,2005,402690
argentina,2006,460478
argentina,2007,564926
argentina,2008,611770
argentina,2009,487142
argentina,2010,698404
argentina,2011,883350
argentina,2012,830058
argentina,2013,963917
argentina,2014,613848
argentina,2015,644021
argentina,2016,709482
argentina,2017,900402.577
armenia,2005,11430
armenia,2006,12450
armenia,2007,6480
armenia,2008,4400
armenia,2009,4400
armenia,2010,4400
armenia,2011,4400
armenia,2012,5400
armenia,2013,5390
armenia,2014,5600
armenia,2015,2500
armenia,2016,2700
armenia,2017,2977.2
australia,2005,988269
australia,2006,962666
australia,2007,1049982
australia,2008,1012165
australia,2009,937328
australia,2010,1035574
australia,2011,1008437
australia,2012,1112032
australia,2013,1136227
australia,2014,1113230
australia,2015,1155408
australia,2016,1178133
australia,2017,1188677.438
austria,2005,345593
austria,2006,347387
austria,2007,339691
austria,2008,336000
austria,2009,350429
austria,2010,362564
austria,2011,396655
austria,2012,374829
austria,2013,357892
austria,2014,342215
austria,2015,349597
austria,2016,374545
austria,2017,403579.526
azerbaijan,2005,12670
azerbaijan,2006,13590
azerbaijan,2007,15740
azerbaijan,2008,15800
azerbaijan,2009,10800
azerbaijan,2010,13700
azerbaijan,2011,10850
azerbaijan,2012,15000
azerbaijan,2013,22700
azerbaijan,2014,25200
azerbaijan,2015,10500
azerbaijan,2016,5100
azerbaijan,2017,2705.1
"bahamas,_the",2005,3351
"bahamas,_the",2006,2801
"bahamas,_the",2007,2903
"bahamas,_the",2008,2900
"bahamas,_the",2009,4400
"bahamas,_the",2010,3200
"bahamas,_the",2011,3000
"bahamas,_the",2012,3500
"bahamas,_the",2013,2800
"bahamas,_the",2014,2500
"bahamas,_the",2015,3500
"bahamas,_the",2016,3300
"bahamas,_the",2017,2273.1
bahrain,2005,20000
bahrain,2006,23000
bahrain,2007,25000
bahrain,2008,36000
bahrain,2009,38000
bahrain,2010,35000
bahrain,2011,31000
bahrain,2012,47000
bahrain,2013,53000
bahrain,2014,61100
bahrain,2015,58300
bahrain,2016,46300
bahrain,2017,37482.2
bangladesh,2005,15000
bangladesh,2006,19100
bangladesh,2007,22000
bangladesh,2008,28000
bangladesh,2009,38500
bangladesh,2010,40400
bangladesh,2011,39900
bangladesh,2012,43400
bangladesh,2013,42500
bangladesh,2014,51900
bangladesh,2015,54800
bangladesh,2016,44400
bangladesh,2017,42021
belarus,2005,13000
belarus,2006,18000
belarus,2007,27000
belarus,2008,32000
belarus,2009,17000
belarus,2010,19000
belarus,2011,20000
belarus,2012,24500
belarus,2013,24000
belarus,2014,25800
belarus,2015,25800
belarus,2016,22500
belarus,2017,25977.7
belgium,2005,551501
belgium,2006,594454
belgium,2007,602365
belgium,2008,612692
belgium,2009,536260
belgium,2010,607497
belgium,2011,643511
belgium,2012,550519
belgium,2013,547139
belgium,2014,545255
belgium,2015,571524
belgium,2016,617854
belgium,2017,634111.277
belize,2005,200
belize,2006,300
belize,2007,200
belize,2008,400
belize,2009,400
belize,2010,250
belize,2011,300
belize,2012,400
belize,2013,410
belize,2014,400
belize,2015,800
belize,2016,900
belize,2017,1164.8
bolivia,2005,2800
bolivia,2006,3500
bolivia,2007,3500
bolivia,2008,3700
bolivia,2009,3000
bolivia,2010,11000
bolivia,2011,14000
bolivia,2012,21000
bolivia,2013,22400
bolivia,2014,30900
bolivia,2015,21400
bolivia,2016,27800
bolivia,2017,29179.1
bosnia_and_herzegovina,2005,11500
bosnia_and_herzegovina,2006,11600
bosnia_and_herzegovina,2007,16700
bosnia_and_herzegovina,2008,14400
bosnia_and_herzegovina,2009,13205
bosnia_and_herzegovina,2010,11000
bosnia_and_herzegovina,2011,11000
bosnia_and_herzegovina,2012,10740
bosnia_and_herzegovina,2013,10520
bosnia_and_herzegovina,2014,9500
bosnia_and_herzegovina,2015,9300
bosnia_and_herzegovina,2016,10200
bosnia_and_herzegovina,2017,13347
botswana,2005,4200
botswana,2006,3600
botswana,2007,5200
botswana,2008,7100
botswana,2009,7000
botswana,2010,6000
botswana,2011,6200
botswana,2012,6600
botswana,2013,6900
botswana,2014,7400
botswana,2015,7500
botswana,2016,8100
botswana,2017,7600
brazil,2005,1714644
brazil,2006,1927738
brazil,2007,2462728
brazil,2008,2820350
brazil,2009,3141240
brazil,2010,3515064
brazil,2011,3633248
brazil,2012,3802071
brazil,2013,3767370
brazil,2014,3498012
brazil,2015,2568976
brazil,2016,2050321
brazil,2017,2238914.744
brunei_darussalam,2005,16000
brunei_darussalam,2006,16000
brunei_darussalam,2007,11000
brunei_darussalam,2008,16000
brunei_darussalam,2009,10500
brunei_darussalam,2010,10500
brunei_darussalam,2011,17000
brunei_darussalam,2012,20000
brunei_darussalam,2013,19600
brunei_darussalam,2014,24000
brunei_darussalam,2015,17000
brunei_darussalam,2016,16200
brunei_darussalam,2017,16839.1
bulgaria,2005,34940
bulgaria,2006,45300
bulgaria,2007,55336
bulgaria,2008,57927
bulgaria,2009,26813
bulgaria,2010,20082
bulgaria,2011,23529
bulgaria,2012,22770
bulgaria,2013,22966
bulgaria,2014,24331
bulgaria,2015,28053
bulgaria,2016,31260
bulgaria,2017,37346.79
burkina_faso,2005,700
burkina_faso,2006,700
burkina_faso,2007,700
burkina_faso,2008,900
burkina_faso,2009,1050
burkina_faso,2010,1100
burkina_faso,2011,1500
burkina_faso,2012,800
burkina_faso,2013,1100
burkina_faso,2014,900
burkina_faso,2015,1400
burkina_faso,2016,2300
burkina_faso,2017,1026.6
burundi,2005,1000
burundi,2006,1000
burundi,2007,1100
burundi,2008,1000
burundi,2009,1000
burundi,2010,600
burundi,2011,500
burundi,2012,510
burundi,2013,530
burundi,2014,400
burundi,2015,400
burundi,2016,900
burundi,2017,130.2
cambodia,2005,1700
cambodia,2006,1700
cambodia,2007,2400
cambodia,2008,2400
cambodia,2009,2600
cambodia,2010,2900
cambodia,2011,3400
cambodia,2012,3400
cambodia,2013,3400
cambodia,2014,4100
cambodia,2015,6100
cambodia,2016,6300
cambodia,2017,6041.6
cameroon,2005,3500
cameroon,2006,4100
cameroon,2007,4000
cameroon,2008,3800
cameroon,2009,2600
cameroon,2010,2900
cameroon,2011,2900
cameroon,2012,3400
cameroon,2013,4400
cameroon,2014,4400
cameroon,2015,4200
cameroon,2016,4200
cameroon,2017,3764.6
canada,2005,1630142
canada,2006,1666008
canada,2007,1690345
canada,2008,1673522
canada,2009,1482232
canada,2010,1583388
canada,2011,1620221
canada,2012,1716178
canada,2013,1780523
canada,2014,1890387
canada,2015,1939517
canada,2016,1983745
canada,2017,2077000.255
chile,2005,200000
chile,2006,200000
chile,2007,230000
chile,2008,252690
chile,2009,180696
chile,2010,303360
chile,2011,356183
chile,2012,362331
chile,2013,397643
chile,2014,353525
chile,2015,297785
chile,2016,319606
chile,2017,376681.595
china,2005,5758189
china,2006,7215972
china,2007,8791528
china,2008,9380502
china,2009,13644794
china,2010,18061936
china,2011,18505114
china,2012,19306435
china,2013,21984079
china,2014,23499001
china,2015,24661602
china,2016,28028175
china,2017,29122530.65
colombia,2005,150000
colombia,2006,205000
colombia,2007,235000
colombia,2008,210000
colombia,2009,195000
colombia,2010,285000
colombia,2011,295000
colombia,2012,285000
colombia,2013,286800
colombia,2014,314100
colombia,2015,272400
colombia,2016,246500
colombia,2017,233959.6
"congo,_dem._rep.",2005,1090
"congo,_dem._rep.",2006,1260
"congo,_dem._rep.",2007,1110
"congo,_dem._rep.",2008,1300
"congo,_dem._rep.",2009,3500
"congo,_dem._rep.",2010,2500
"congo,_dem._rep.",2011,2500
"congo,_dem._rep.",2012,3000
"congo,_dem._rep.",2013,2400
"congo,_dem._rep.",2014,2400
"congo,_dem._rep.",2015,3100
"congo,_dem._rep.",2016,2300
"congo,_dem._rep.",2017,1849.1
costa_rica,2005,16000
costa_rica,2006,20000
costa_rica,2007,17000
costa_rica,2008,19000
costa_rica,2009,16500
costa_rica,2010,24000
costa_rica,2011,34000
costa_rica,2012,36000
costa_rica,2013,36200
costa_rica,2014,42100
costa_rica,2015,52800
costa_rica,2016,60000
costa_rica,2017,51883.8
croatia,2005,79675
croatia,2006,89092
croatia,2007,94695
croatia,2008,100415
croatia,2009,50859
croatia,2010,42031
croatia,2011,45935
croatia,2012,35654
croatia,2013,33819
croatia,2014,40196
croatia,2015,43668
croatia,2016,53929
croatia,2017,60795.289
cuba,2005,3000
cuba,2006,2600
cuba,2007,3500
cuba,2008,4100
cuba,2009,1900
cuba,2010,2400
cuba,2011,3500
cuba,2012,4500
cuba,2013,4530
cuba,2014,4500
cuba,2015,4500
cuba,2016,6900
cuba,2017,6961.6
cyprus,2005,20986
cyprus,2006,22383
cyprus,2007,27517
cyprus,2008,27533
cyprus,2009,18419
cyprus,2010,17920
cyprus,2011,15958
cyprus,2012,11563
cyprus,2013,8051
cyprus,2014,9447
cyprus,2015,11834
cyprus,2016,14559
cyprus,2017,15078.171
czech_republic,2005,175923
czech_republic,2006,183631
czech_republic,2007,207038
czech_republic,2008,215451
czech_republic,2009,186790
czech_republic,2010,186648
czech_republic,2011,194945
czech_republic,2012,193795
czech_republic,2013,185939
czech_republic,2014,215594
czech_republic,2015,260070
czech_republic,2016,291008
czech_republic,2017,302108.571
denmark,2005,211159
denmark,2006,226339
denmark,2007,226214
denmark,2008,191169
denmark,2009,131788
denmark,2010,173566
denmark,2011,198518
denmark,2012,199147
denmark,2013,210839
denmark,2014,221713
denmark,2015,245484
denmark,2016,265386
denmark,2017,263361.456
dominican_republic,2005,28386
dominican_republic,2006,28298
dominican_republic,2007,29852
dominican_republic,2008,23267
dominican_republic,2009,9181
dominican_republic,2010,10056
dominican_republic,2011,20031
dominican_republic,2012,15373
dominican_republic,2013,16481
dominican_republic,2014,17436
dominican_republic,2015,21489
dominican_republic,2016,24024
dominican_republic,2017,19210.14
ecuador,2005,93057
ecuador,2006,89558
ecuador,2007,91778
ecuador,2008,112684
ecuador,2009,92764
ecuador,2010,132172
ecuador,2011,139893
ecuador,2012,121446
ecuador,2013,113812
ecuador,2014,120060
ecuador,2015,81309
ecuador,2016,63555
ecuador,2017,118281.494
"egypt,_arab_rep.",2005,121437
"egypt,_arab_rep.",2006,170614
"egypt,_arab_rep.",2007,206060
"egypt,_arab_rep.",2008,239833
"egypt,_arab_rep.",2009,205521
"egypt,_arab_rep.",2010,248917
"egypt,_arab_rep.",2011,271900
"egypt,_arab_rep.",2012,286300
"egypt,_arab_rep.",2013,283000
"egypt,_arab_rep.",2014,349100
"egypt,_arab_rep.",2015,332100
"egypt,_arab_rep.",2016,264100
"egypt,_arab_rep.",2017,181001
el_salvador,2005,13000
el_salvador,2006,12000
el_salvador,2007,14000
el_salvador,2008,16000
el_salvador,2009,3000
el_salvador,2010,7000
el_salvador,2011,8000
el_salvador,2012,11000
el_salvador,2013,11400
el_salvador,2014,11800
el_salvador,2015,12400
el_salvador,2016,10600
el_salvador,2017,10182.2
estonia,2005,23511
estonia,2006,30754
estonia,2007,37480
estonia,2008,29000
estonia,2009,11489
estonia,2010,12203
estonia,2011,20346
estonia,2012,23073
estonia,2013,23383
estonia,2014,24845
estonia,2015,24921
estonia,2016,27401
estonia,2017,30420.302
finland,2005,168121
finland,2006,166673
finland,2007,147842
finland,2008,160998
finland,2009,103016
finland,2010,126396
finland,2011,144425
finland,2012,126505
finland,2013,117368
finland,2014,120113
finland,2015,123483
finland,2016,136430
finland,2017,138374.975
france,2005,2598183
france,2006,2544165
france,2007,2629186
france,2008,2614829
france,2009,2718599
france,2010,2708884
france,2011,2687052
france,2012,2331731
france,2013,2207373
france,2014,2210927
france,2015,2345092
france,2016,2478472
france,2017,2604942.319
gabon,2005,3800
gabon,2006,4000
gabon,2007,4200
gabon,2008,4000
gabon,2009,4000
gabon,2010,4000
gabon,2011,4000
gabon,2012,5500
gabon,2013,5500
gabon,2014,4900
gabon,2015,3300
gabon,2016,3000
gabon,2017,2564.5
georgia,2005,2700
georgia,2006,3200
georgia,2007,7300
georgia,2008,9000
georgia,2009,2000
georgia,2010,5000
georgia,2011,4000
georgia,2012,5300
georgia,2013,5300
georgia,2014,5500
georgia,2015,4200
georgia,2016,4300
georgia,2017,4555.6
germany,2005,3614886
germany,2006,3772394
germany,2007,3482279
germany,2008,3425039
germany,2009,4049353
germany,2010,3198416
germany,2011,3508454
germany,2012,3394002
germany,2013,3257718
germany,2014,3356718
germany,2015,3539825
germany,2016,3708867
germany,2017,3811246.389
ghana,2005,4500
ghana,2006,4500
ghana,2007,5100
ghana,2008,5500
ghana,2009,6500
ghana,2010,6000
ghana,2011,9000
ghana,2012,14500
ghana,2013,13600
ghana,2014,13000
ghana,2015,4800
ghana,2016,7400
ghana,2017,4217.4
greece,2005,295266
greece,2006,294060
greece,2007,306875
greece,2008,292865
greece,2009,237118
greece,2010,153842
greece,2011,104682
greece,2012,62518
greece,2013,62570
greece,2014,76665
greece,2015,82044
greece,2016,85008
greece,2017,95363.141
guadeloupe,2005,17327
guadeloupe,2006,16544
guadeloupe,2007,18888
guadeloupe,2008,17647
guadeloupe,2009,16928
guadeloupe,2010,16009
guadeloupe,2011,16364
guadeloupe,2012,15452
guadeloupe,2013,14716
guadeloupe,2014,14773
guadeloupe,2015,15720
guadeloupe,2016,16571
guadeloupe,2017,18738.472
guatemala,2005,11800
guatemala,2006,13400
guatemala,2007,16600
guatemala,2008,18300
guatemala,2009,19500
guatemala,2010,22100
guatemala,2011,24000
guatemala,2012,26000
guatemala,2013,27900
guatemala,2014,29800
guatemala,2015,31200
guatemala,2016,29900
guatemala,2017,28249.9
guiana_(french),2005,5353
guiana_(french),2006,5604
guiana_(french),2007,6182
guiana_(french),2008,5994
guiana_(french),2009,5947
guiana_(french),2010,5717
guiana_(french),2011,6036
guiana_(french),2012,5725
guiana_(french),2013,5542
guiana_(french),2014,5534
guiana_(french),2015,5623
guiana_(french),2016,5885
guiana_(french),2017,7864.906
honduras,2005,8500
honduras,2006,9600
honduras,2007,12100
honduras,2008,14000
honduras,2009,13000
honduras,2010,9000
honduras,2011,10000
honduras,2012,11000
honduras,2013,12000
honduras,2014,11600
honduras,2015,11300
honduras,2016,10200
honduras,2017,7771.4
"hong_kong_sar,_china",2005,30001
"hong_kong_sar,_china",2006,29441
"hong_kong_sar,_china",2007,34633
"hong_kong_sar,_china",2008,36876
"hong_kong_sar,_china",2009,26736
"hong_kong_sar,_china",2010,36688
"hong_kong_sar,_china",2011,40284
"hong_kong_sar,_china",2012,41233
"hong_kong_sar,_china",2013,45720
"hong_kong_sar,_china",2014,49722
"hong_kong_sar,_china",2015,53535
"hong_kong_sar,_china",2016,43800
"hong_kong_sar,_china",2017,48258.952
hungary,2005,219461
hungary,2006,209280
hungary,2007,193581
hungary,2008,174837
hungary,2009,70808
hungary,2010,55221
hungary,2011,60993
hungary,2012,68168
hungary,2013,72975
hungary,2014,88719
hungary,2015,100933
hungary,2016,123807
hungary,2017,141813.798
iceland,2005,20870
iceland,2006,20198
iceland,2007,19305
iceland,2008,10579
iceland,2009,2471
iceland,2010,3395
iceland,2011,5471
iceland,2012,8507
iceland,2013,8022
iceland,2014,10630
iceland,2015,15605
iceland,2016,20735
iceland,2017,24058.891
india,2005,1440455
india,2006,1750892
india,2007,1993721
india,2008,1983071
india,2009,2266269
india,2010,3040390
india,2011,3287737
india,2012,3595508
india,2013,3241302
india,2014,3177005
india,2015,3424836
india,2016,3669277
india,2017,4017539.056
indonesia,2005,533917
indonesia,2006,318904
indonesia,2007,433341
indonesia,2008,603774
indonesia,2009,486088
indonesia,2010,764710
indonesia,2011,894164
indonesia,2012,1116230
indonesia,2013,1229811
indonesia,2014,1195409
indonesia,2015,1031422
indonesia,2016,1048135
indonesia,2017,1060893.96
"iran,_islamic_rep.",2005,857500
"iran,_islamic_rep.",2006,971000
"iran,_islamic_rep.",2007,1037900
"iran,_islamic_rep.",2008,1190000
"iran,_islamic_rep.",2009,1320000
"iran,_islamic_rep.",2010,1642843
"iran,_islamic_rep.",2011,1688194
"iran,_islamic_rep.",2012,1044430
"iran,_islamic_rep.",2013,804750
"iran,_islamic_rep.",2014,1287600
"iran,_islamic_rep.",2015,1222000
"iran,_islamic_rep.",2016,1448500
"iran,_islamic_rep.",2017,1718564.6
iraq,2005,30700
iraq,2006,32200
iraq,2007,35000
iraq,2008,62000
iraq,2009,63000
iraq,2010,165000
iraq,2011,131500
iraq,2012,120000
iraq,2013,117500
iraq,2014,87700
iraq,2015,49200
iraq,2016,24800
iraq,2017,39290.7
ireland,2005,213706
ireland,2006,225723
ireland,2007,236353
ireland,2008,185620
ireland,2009,68031
ireland,2010,99986
ireland,2011,102443
ireland,2012,91728
ireland,2013,87096
ireland,2014,114985
ireland,2015,150680
ireland,2016,177719
ireland,2017,159236.224
israel,2005,156000
israel,2006,156000
israel,2007,220000
israel,2008,192000
israel,2009,174500
israel,2010,217000
israel,2011,227000
israel,2012,206500
israel,2013,215500
israel,2014,242400
israel,2015,260200
israel,2016,292700
israel,2017,284623.2
italy,2005,2495436
italy,2006,2606375
italy,2007,2777175
italy,2008,2421918
italy,2009,2357443
italy,2010,2164153
italy,2011,1942949
italy,2012,1545764
italy,2013,1420814
italy,2014,1493008
italy,2015,1726079
italy,2016,2050292
italy,2017,2190403.472
ivory_coast,2005,3000
ivory_coast,2006,3500
ivory_coast,2007,4000
ivory_coast,2008,4000
ivory_coast,2009,4500
ivory_coast,2010,5500
ivory_coast,2011,5500
ivory_coast,2012,7500
ivory_coast,2013,6000
ivory_coast,2014,6400
ivory_coast,2015,7100
ivory_coast,2016,6400
ivory_coast,2017,7118.2
jamaica,2005,4000
jamaica,2006,4000
jamaica,2007,5000
jamaica,2008,5000
jamaica,2009,6000
jamaica,2010,3000
jamaica,2011,3500
jamaica,2012,4500
jamaica,2013,4700
jamaica,2014,5000
jamaica,2015,5900
jamaica,2016,5100
jamaica,2017,4812.2
japan,2005,5852034
japan,2006,5739520
japan,2007,5309200
japan,2008,5082233
japan,2009,4609333
japan,2010,4956148
japan,2011,4210224
japan,2012,5369721
japan,2013,5375513
japan,2014,5562888
japan,2015,5046510
japan,2016,4970260
japan,2017,5238888.081
jordan,2005,20000
jordan,2006,15100
jordan,2007,14700
jordan,2008,18000
jordan,2009,21000
jordan,2010,20000
jordan,2011,22000
jordan,2012,23000
jordan,2013,29000
jordan,2014,23800
jordan,2015,22800
jordan,2016,20500
jordan,2017,20918.1
kazakhstan,2005,42372
kazakhstan,2006,42820
kazakhstan,2007,45981
kazakhstan,2008,44500
kazakhstan,2009,45000
kazakhstan,2010,29000
kazakhstan,2011,43348
kazakhstan,2012,98231
kazakhstan,2013,165710
kazakhstan,2014,163561
kazakhstan,2015,97469
kazakhstan,2016,97470
kazakhstan,2017,97471
kenya,2005,6000
kenya,2006,5000
kenya,2007,7000
kenya,2008,7000
kenya,2009,7500
kenya,2010,6000
kenya,2011,6000
kenya,2012,9500
kenya,2013,13000
kenya,2014,13500
kenya,2015,14100
kenya,2016,10600
kenya,2017,11885.6
kuwait,2005,80000
kuwait,2006,84000
kuwait,2007,90000
kuwait,2008,99500
kuwait,2009,108500
kuwait,2010,110000
kuwait,2011,114500
kuwait,2012,140000
kuwait,2013,151500
kuwait,2014,152300
kuwait,2015,143800
kuwait,2016,108000
kuwait,2017,102541.2
kyrgyz_republic,2005,5800
kyrgyz_republic,2006,5800
kyrgyz_republic,2007,5900
kyrgyz_republic,2008,4900
kyrgyz_republic,2009,5450
kyrgyz_republic,2010,4800
kyrgyz_republic,2011,5900
kyrgyz_republic,2012,4800
kyrgyz_republic,2013,4800
kyrgyz_republic,2014,4800
kyrgyz_republic,2015,4800
kyrgyz_republic,2016,2000
kyrgyz_republic,2017,2735.4
lao_pdr,2005,1100
lao_pdr,2006,1150
lao_pdr,2007,1800
lao_pdr,2008,2600
lao_pdr,2009,4000
lao_pdr,2010,5000
lao_pdr,2011,5000
lao_pdr,2012,7000
lao_pdr,2013,9000
lao_pdr,2014,14700
lao_pdr,2015,14600
lao_pdr,2016,10900
lao_pdr,2017,9785.4
latvia,2005,16135
latvia,2006,21744
latvia,2007,31090
latvia,2008,28885
latvia,2009,8918
latvia,2010,10369
latvia,2011,17929
latvia,2012,14497
latvia,2013,14480
latvia,2014,16261
latvia,2015,17764
latvia,2016,20345
latvia,2017,20712.455
lebanon,2005,16000
lebanon,2006,16000
lebanon,2007,21000
lebanon,2008,34000
lebanon,2009,34500
lebanon,2010,35500
lebanon,2011,33500
lebanon,2012,37500
lebanon,2013,37500
lebanon,2014,40300
lebanon,2015,40700
lebanon,2016,37800
lebanon,2017,38363.2
liberia,2005,400
liberia,2006,300
liberia,2007,400
liberia,2008,500
liberia,2009,300
liberia,2010,500
liberia,2011,400
liberia,2012,410
liberia,2013,430
liberia,2014,400
liberia,2015,400
liberia,2016,600
liberia,2017,131.8
libya,2005,47000
libya,2006,48000
libya,2007,49500
libya,2008,51500
libya,2009,53000
libya,2010,54500
libya,2011,56500
libya,2012,29000
libya,2013,45000
libya,2014,45000
libya,2015,54100
libya,2016,46400
libya,2017,23600
lithuania,2005,19639
lithuania,2006,30443
lithuania,2007,39690
lithuania,2008,24085
lithuania,2009,6244
lithuania,2010,7534
lithuania,2011,14312
lithuania,2012,16669
lithuania,2013,17586
lithuania,2014,19039
lithuania,2015,23249
lithuania,2016,29380
lithuania,2017,36179.84
luxembourg,2005,53122
luxembourg,2006,55512
luxembourg,2007,56647
luxembourg,2008,58405
luxembourg,2009,51462
luxembourg,2010,53993
luxembourg,2011,55015
luxembourg,2012,55049
luxembourg,2013,50886
luxembourg,2014,54322
luxembourg,2015,51607
luxembourg,2016,56369
luxembourg,2017,58965.396
"macedonia,_fyr",2005,10060
"macedonia,_fyr",2006,10790
"macedonia,_fyr",2007,11200
"macedonia,_fyr",2008,11500
"macedonia,_fyr",2009,6800
"macedonia,_fyr",2010,9500
"macedonia,_fyr",2011,9400
"macedonia,_fyr",2012,5650
"macedonia,_fyr",2013,2800
"macedonia,_fyr",2014,3500
"macedonia,_fyr",2015,3900
"macedonia,_fyr",2016,4300
"macedonia,_fyr",2017,3862.6
madagascar,2005,2630
madagascar,2006,3100
madagascar,2007,3000
madagascar,2008,2700
madagascar,2009,2000
madagascar,2010,1800
madagascar,2011,2100
madagascar,2012,2200
madagascar,2013,2200
madagascar,2014,2600
madagascar,2015,2300
madagascar,2016,1400
madagascar,2017,1506.9
malawi,2005,1400
malawi,2006,1670
malawi,2007,1660
malawi,2008,1500
malawi,2009,1500
malawi,2010,2200
malawi,2011,2300
malawi,2012,1500
malawi,2013,1540
malawi,2014,1700
malawi,2015,1900
malawi,2016,1800
malawi,2017,1937.4
malaysia,2005,551042
malaysia,2006,490748
malaysia,2007,487176
malaysia,2008,548115
malaysia,2009,536905
malaysia,2010,605156
malaysia,2011,600123
malaysia,2012,627753
malaysia,2013,655793
malaysia,2014,666487
malaysia,2015,666677
malaysia,2016,580124
malaysia,2017,591096.144
malta,2005,7229
malta,2006,7320
malta,2007,7119
malta,2008,6158
malta,2009,6374
malta,2010,5004
malta,2011,7030
malta,2012,6475
malta,2013,6312
malta,2014,7034
malta,2015,7929
malta,2016,8157
malta,2017,8585.853
martinique,2005,17664
martinique,2006,17151
martinique,2007,17840
martinique,2008,16768
martinique,2009,15647
martinique,2010,15286
martinique,2011,15325
martinique,2012,13576
martinique,2013,13018
martinique,2014,13351
martinique,2015,15215
martinique,2016,16495
martinique,2017,16963.345
mauritius,2005,4800
mauritius,2006,5500
mauritius,2007,6000
mauritius,2008,6000
mauritius,2009,5000
mauritius,2010,6000
mauritius,2011,4500
mauritius,2012,9500
mauritius,2013,10200
mauritius,2014,10600
mauritius,2015,10000
mauritius,2016,11000
mauritius,2017,12597
mexico,2005,1168508
mexico,2006,1184035
mexico,2007,1150819
mexico,2008,1073764
mexico,2009,775751
mexico,2010,848354
mexico,2011,936780
mexico,2012,1024574
mexico,2013,1100542
mexico,2014,1176305
mexico,2015,1389474
mexico,2016,1647723
mexico,2017,1570764.12
moldova,2005,4550
moldova,2006,5570
moldova,2007,7610
moldova,2008,11500
moldova,2009,4200
moldova,2010,5200
moldova,2011,5900
moldova,2012,5300
moldova,2013,5400
moldova,2014,6000
moldova,2015,3800
moldova,2016,4500
moldova,2017,6022.2
mongolia,2005,800
mongolia,2006,1300
mongolia,2007,1700
mongolia,2008,3750
mongolia,2009,3600
mongolia,2010,3300
mongolia,2011,3290
mongolia,2012,2290
mongolia,2013,2200
mongolia,2014,1600
mongolia,2015,1000
mongolia,2016,1700
mongolia,2017,1655.3
morocco,2005,63655
morocco,2006,84276
morocco,2007,103597
morocco,2008,121360
morocco,2009,109969
morocco,2010,103436
morocco,2011,112093
morocco,2012,130306
morocco,2013,120755
morocco,2014,122060
morocco,2015,131910
morocco,2016,163110
morocco,2017,168912.591
myanmar,2005,2000
myanmar,2006,2000
myanmar,2007,2000
myanmar,2008,2200
myanmar,2009,2500
myanmar,2010,2800
myanmar,2011,2800
myanmar,2012,3100
myanmar,2013,3000
myanmar,2014,1800
myanmar,2015,1800
myanmar,2016,2300
myanmar,2017,3343.5
nepal,2005,1400
nepal,2006,1500
nepal,2007,2600
nepal,2008,2300
nepal,2009,3000
nepal,2010,2000
nepal,2011,4000
nepal,2012,5600
nepal,2013,5500
nepal,2014,8300
nepal,2015,5900
nepal,2016,9300
nepal,2017,3670
netherlands,2005,545983
netherlands,2006,568717
netherlands,2007,601534
netherlands,2008,604135
netherlands,2009,451907
netherlands,2010,542312
netherlands,2011,627757
netherlands,2012,571803
netherlands,2013,481435
netherlands,2014,450330
netherlands,2015,521178
netherlands,2016,469410
netherlands,2017,508371.03
new_caledonia,2005,10670
new_caledonia,2006,11298
new_caledonia,2007,12460
new_caledonia,2008,12684
new_caledonia,2009,12215
new_caledonia,2010,12772
new_caledonia,2011,12826
new_caledonia,2012,11987
new_caledonia,2013,10888
new_caledonia,2014,10910
new_caledonia,2015,9974
new_caledonia,2016,9279
new_caledonia,2017,10293.772
new_zealand,2005,117426
new_zealand,2006,112211
new_zealand,2007,115041
new_zealand,2008,106190
new_zealand,2009,73202
new_zealand,2010,83250
new_zealand,2011,84143
new_zealand,2012,100795
new_zealand,2013,113294
new_zealand,2014,126508
new_zealand,2015,134041
new_zealand,2016,146753
new_zealand,2017,159871.812
nicaragua,2005,8000
nicaragua,2006,10000
nicaragua,2007,10000
nicaragua,2008,10000
nicaragua,2009,5000
nicaragua,2010,6000
nicaragua,2011,6000
nicaragua,2012,8000
nicaragua,2013,9300
nicaragua,2014,9400
nicaragua,2015,11200
nicaragua,2016,12700
nicaragua,2017,9107.8
nigeria,2005,23000
nigeria,2006,38000
nigeria,2007,12000
nigeria,2008,12000
nigeria,2009,51000
nigeria,2010,37000
nigeria,2011,45000
nigeria,2012,50000
nigeria,2013,52000
nigeria,2014,53900
nigeria,2015,20000
nigeria,2016,23000
nigeria,2017,6999.2
north_sudan,2005,3000
north_sudan,2006,3000
north_sudan,2007,4500
north_sudan,2008,5000
north_sudan,2009,12000
north_sudan,2010,3500
north_sudan,2011,3800
north_sudan,2012,3500
north_sudan,2013,2500
north_sudan,2014,3000
north_sudan,2015,3600
north_sudan,2016,3400
north_sudan,2017,2955
norway,2005,152588
norway,2006,158407
norway,2007,182203
norway,2008,153247
norway,2009,127437
norway,2010,162354
norway,2011,180313
norway,2012,176909
norway,2013,180042
norway,2014,180273
norway,2015,190106
norway,2016,197991
norway,2017,201894.678
oman,2005,207100
oman,2006,204600
oman,2007,203900
oman,2008,198500
oman,2009,155500
oman,2010,178000
oman,2011,169500
oman,2012,204500
oman,2013,215000
oman,2014,208400
oman,2015,167600
oman,2016,154900
oman,2017,131149.1
pakistan,2005,167007
pakistan,2006,187644
pakistan,2007,188109
pakistan,2008,157182
pakistan,2009,111696
pakistan,2010,152354
pakistan,2011,163260
pakistan,2012,157656
pakistan,2013,141778
pakistan,2014,146882
pakistan,2015,229688
pakistan,2016,211295
pakistan,2017,269049.036
palestine,2005,16600
palestine,2006,18600
palestine,2007,19700
palestine,2008,22900
palestine,2009,20600
palestine,2010,21900
palestine,2011,24700
palestine,2012,36600
palestine,2013,35800
palestine,2014,35800
palestine,2015,35800
palestine,2016,35800
palestine,2017,36454.1
panama,2005,25000
panama,2006,30000
panama,2007,26000
panama,2008,35000
panama,2009,33000
panama,2010,38000
panama,2011,44000
panama,2012,48000
panama,2013,48300
panama,2014,52200
panama,2015,56300
panama,2016,57700
panama,2017,49762.2
paraguay,2005,8000
paraguay,2006,8000
paraguay,2007,11000
paraguay,2008,21000
paraguay,2009,12000
paraguay,2010,19000
paraguay,2011,30000
paraguay,2012,30000
paraguay,2013,30600
paraguay,2014,31000
paraguay,2015,28200
paraguay,2016,22700
paraguay,2017,27029.4
peru,2005,23346
peru,2006,32876
peru,2007,51017
peru,2008,92539
peru,2009,76932
peru,2010,120800
peru,2011,150037
peru,2012,190761
peru,2013,201326
peru,2014,187081
peru,2015,173388
peru,2016,169718
peru,2017,180019.738
philippines,2005,97063
philippines,2006,99541
philippines,2007,117903
philippines,2008,124449
philippines,2009,132444
philippines,2010,170348
philippines,2011,165056
philippines,2012,184248
philippines,2013,211959
philippines,2014,234747
philippines,2015,288609
philippines,2016,359572
philippines,2017,358558.384
poland,2005,255107
poland,2006,280474
poland,2007,355285
poland,2008,398487
poland,2009,322341
poland,2010,366577
poland,2011,338781
poland,2012,329799
poland,2013,353197
poland,2014,392476
poland,2015,432439
poland,2016,504550
poland,2017,576144.418
portugal,2005,278470
portugal,2006,265174
portugal,2007,276606
portugal,2008,275127
portugal,2009,203760
portugal,2010,272754
portugal,2011,191362
portugal,2012,113435
portugal,2013,126689
portugal,2014,172357
portugal,2015,213654
portugal,2016,247343
portugal,2017,264904.353
puerto_rico,2005,136000
puerto_rico,2006,120000
puerto_rico,2007,132000
puerto_rico,2008,110000
puerto_rico,2009,110000
puerto_rico,2010,75000
puerto_rico,2011,95000
puerto_rico,2012,97000
puerto_rico,2013,99500
puerto_rico,2014,100200
puerto_rico,2015,92500
puerto_rico,2016,112200
puerto_rico,2017,127301.3
qatar,2005,84500
qatar,2006,83400
qatar,2007,83100
qatar,2008,81000
qatar,2009,55000
qatar,2010,55500
qatar,2011,61000
qatar,2012,80000
qatar,2013,85000
qatar,2014,92900
qatar,2015,86400
qatar,2016,63700
qatar,2017,49767.2
reunion,2005,31627
reunion,2006,29782
reunion,2007,32149
reunion,2008,29979
reunion,2009,25839
reunion,2010,24755
reunion,2011,26268
reunion,2012,24949
reunion,2013,24233
reunion,2014,25757
reunion,2015,27697
reunion,2016,29547
reunion,2017,31038.734
romania,2005,248462
romania,2006,282985
romania,2007,356577
romania,2008,325867
romania,2009,133561
romania,2010,104090
romania,2011,95508
romania,2012,80723
romania,2013,71016
romania,2014,100336
romania,2015,120591
romania,2016,142020
romania,2017,159807.944
russian_federation,2005,1806625
russian_federation,2006,2244840
russian_federation,2007,2898032
russian_federation,2008,3222346
russian_federation,2009,1597457
russian_federation,2010,2107135
russian_federation,2011,2901612
russian_federation,2012,3141551
russian_federation,2013,2998650
russian_federation,2014,2592396
russian_federation,2015,1440923
russian_federation,2016,1404464
russian_federation,2017,1602270.32
saudi_arabia,2005,562900
saudi_arabia,2006,556100
saudi_arabia,2007,554400
saudi_arabia,2008,540000
saudi_arabia,2009,520000
saudi_arabia,2010,600000
saudi_arabia,2011,590000
saudi_arabia,2012,705000
saudi_arabia,2013,740000
saudi_arabia,2014,828200
saudi_arabia,2015,830100
saudi_arabia,2016,655500
saudi_arabia,2017,548250
senegal,2005,5500
senegal,2006,6500
senegal,2007,7000
senegal,2008,7000
senegal,2009,6000
senegal,2010,6000
senegal,2011,5500
senegal,2012,6000
senegal,2013,6000
senegal,2014,6800
senegal,2015,5800
senegal,2016,6600
senegal,2017,6516
serbia,2005,24516
serbia,2006,30761
serbia,2007,39947
serbia,2008,44255
serbia,2009,33500
serbia,2010,31242
serbia,2011,25321
serbia,2012,26700
serbia,2013,26800
serbia,2014,27800
serbia,2015,25000
serbia,2016,27600
serbia,2017,30924
singapore,2005,125018
singapore,2006,132483
singapore,2007,122254
singapore,2008,110574
singapore,2009,79503
singapore,2010,51891
singapore,2011,39570
singapore,2012,37247
singapore,2013,34111
singapore,2014,44776
singapore,2015,76191
singapore,2016,108061
singapore,2017,110907.032
slovak_republic,2005,75033
slovak_republic,2006,83519
slovak_republic,2007,89094
slovak_republic,2008,102378
slovak_republic,2009,92761
slovak_republic,2010,73820
slovak_republic,2011,77904
slovak_republic,2012,78189
slovak_republic,2013,75204
slovak_republic,2014,81960
slovak_republic,2015,90091
slovak_republic,2016,100600
slovak_republic,2017,108671.635
slovenia,2005,67856
slovenia,2006,67836
slovenia,2007,78398
slovenia,2008,81631
slovenia,2009,63286
slovenia,2010,66871
slovenia,2011,67451
slovenia,2012,57042
slovenia,2013,59782
slovenia,2014,61934
slovenia,2015,68973
slovenia,2016,76213
slovenia,2017,86141.664
south_africa,2005,617406
south_africa,2006,714315
south_africa,2007,676108
south_africa,2008,533387
south_africa,2009,395222
south_africa,2010,492907
south_africa,2011,572241
south_africa,2012,623921
south_africa,2013,650745
south_africa,2014,644504
south_africa,2015,617749
south_africa,2016,547406
south_africa,2017,555715.647
"korea,_rep.",2005,1145230
"korea,_rep.",2006,1176919
"korea,_rep.",2007,1278624
"korea,_rep.",2008,1246086
"korea,_rep.",2009,1461865
"korea,_rep.",2010,1511373
"korea,_rep.",2011,1586405
"korea,_rep.",2012,1532087
"korea,_rep.",2013,1543564
"korea,_rep.",2014,1661868
"korea,_rep.",2015,1833786
"korea,_rep.",2016,1823041
"korea,_rep.",2017,1798795.675
spain,2005,1959488
spain,2006,1953134
spain,2007,1939298
spain,2008,1362586
spain,2009,1074222
spain,2010,1114119
spain,2011,931404
spain,2012,790991
spain,2013,822950
spain,2014,1029782
spain,2015,1277059
spain,2016,1347344
spain,2017,1451089.488
sri_lanka,2005,4000
sri_lanka,2006,4200
sri_lanka,2007,4700
sri_lanka,2008,4800
sri_lanka,2009,5000
sri_lanka,2010,3000
sri_lanka,2011,8000
sri_lanka,2012,9500
sri_lanka,2013,12000
sri_lanka,2014,15500
sri_lanka,2015,17000
sri_lanka,2016,34900
sri_lanka,2017,16005.8
sweden,2005,316108
sweden,2006,329960
sweden,2007,358717
sweden,2008,301459
sweden,2009,247513
sweden,2010,334134
sweden,2011,359066
sweden,2012,326441
sweden,2013,313067
sweden,2014,352467
sweden,2015,396693
sweden,2016,431818
sweden,2017,442835.042
switzerland,2005,293472
switzerland,2006,298697
switzerland,2007,315402
switzerland,2008,321326
switzerland,2009,294699
switzerland,2010,324779
switzerland,2011,355256
switzerland,2012,366273
switzerland,2013,343718
switzerland,2014,338404
switzerland,2015,362650
switzerland,2016,355882
switzerland,2017,355909.632
syrian_arab_republic,2005,39985
syrian_arab_republic,2006,51467
syrian_arab_republic,2007,41500
syrian_arab_republic,2008,46800
syrian_arab_republic,2009,51600
syrian_arab_republic,2010,87547
syrian_arab_republic,2011,39960
syrian_arab_republic,2012,44000
syrian_arab_republic,2013,43100
syrian_arab_republic,2014,39700
syrian_arab_republic,2015,39700
syrian_arab_republic,2016,39700
syrian_arab_republic,2017,40034
tahiti,2005,7300
tahiti,2006,7100
tahiti,2007,7700
tahiti,2008,7200
tahiti,2009,5200
tahiti,2010,5500
tahiti,2011,5000
tahiti,2012,4000
tahiti,2013,3500
tahiti,2014,3900
tahiti,2015,3400
tahiti,2016,3800
tahiti,2017,5232.4
taiwan,2005,446477
taiwan,2006,306458
taiwan,2007,276434
taiwan,2008,178809
taiwan,2009,229450
taiwan,2010,252500
taiwan,2011,285790
taiwan,2012,270078
taiwan,2013,258753
taiwan,2014,282130
taiwan,2015,262593
taiwan,2016,262346
taiwan,2017,259013.49
tajikistan,2005,5440
tajikistan,2006,5850
tajikistan,2007,5990
tajikistan,2008,6200
tajikistan,2009,7200
tajikistan,2010,6700
tajikistan,2011,7710
tajikistan,2012,6300
tajikistan,2013,6290
tajikistan,2014,6400
tajikistan,2015,6400
tajikistan,2016,2300
tajikistan,2017,2315.7
tanzania,2005,3000
tanzania,2006,3000
tanzania,2007,3500
tanzania,2008,3000
tanzania,2009,3000
tanzania,2010,3200
tanzania,2011,4500
tanzania,2012,6000
tanzania,2013,6700
tanzania,2014,5800
tanzania,2015,5200
tanzania,2016,4500
tanzania,2017,5358.3
thailand,2005,692506
thailand,2006,674953
thailand,2007,631181
thailand,2008,615270
thailand,2009,548870
thailand,2010,800357
thailand,2011,794081
thailand,2012,1423580
thailand,2013,1330672
thailand,2014,881832
thailand,2015,799632
thailand,2016,768788
thailand,2017,873505.872
trinidad_and_tobago,2005,14000
trinidad_and_tobago,2006,14000
trinidad_and_tobago,2007,8000
trinidad_and_tobago,2008,14000
trinidad_and_tobago,2009,14000
trinidad_and_tobago,2010,14000
trinidad_and_tobago,2011,14000
trinidad_and_tobago,2012,14500
trinidad_and_tobago,2013,14900
trinidad_and_tobago,2014,16000
trinidad_and_tobago,2015,19600
trinidad_and_tobago,2016,20200
trinidad_and_tobago,2017,15052.7
tunisia,2005,33000
tunisia,2006,38000
tunisia,2007,39000
tunisia,2008,43000
tunisia,2009,47000
tunisia,2010,59000
tunisia,2011,47500
tunisia,2012,49000
tunisia,2013,47000
tunisia,2014,50900
tunisia,2015,48500
tunisia,2016,50800
tunisia,2017,47358.8
turkey,2005,715212
turkey,2006,617838
turkey,2007,594762
turkey,2008,494355
turkey,2009,557126
turkey,2010,760913
turkey,2011,864439
turkey,2012,817620
turkey,2013,893124
turkey,2014,807486
turkey,2015,1011194
turkey,2016,1007857
turkey,2017,980393.79
turkmenistan,2005,4000
turkmenistan,2006,4300
turkmenistan,2007,4420
turkmenistan,2008,4700
turkmenistan,2009,4700
turkmenistan,2010,4700
turkmenistan,2011,5200
turkmenistan,2012,4700
turkmenistan,2013,4700
turkmenistan,2014,4800
turkmenistan,2015,4800
turkmenistan,2016,5000
turkmenistan,2017,5016.1
uganda,2005,4000
uganda,2006,4500
uganda,2007,4000
uganda,2008,3500
uganda,2009,3500
uganda,2010,3500
uganda,2011,4000
uganda,2012,4500
uganda,2013,5000
uganda,2014,4900
uganda,2015,3100
uganda,2016,4000
uganda,2017,4336.7
ukraine,2005,276697
ukraine,2006,391301
ukraine,2007,525680
ukraine,2008,640968
ukraine,2009,181750
ukraine,2010,188408
ukraine,2011,227250
ukraine,2012,259586
ukraine,2013,232894
ukraine,2014,105957
ukraine,2015,52341
ukraine,2016,75209
ukraine,2017,94693.69
united_arab_emirates,2005,157000
united_arab_emirates,2006,175000
united_arab_emirates,2007,165000
united_arab_emirates,2008,233592
united_arab_emirates,2009,205088
united_arab_emirates,2010,168323
united_arab_emirates,2011,243982
united_arab_emirates,2012,268900
united_arab_emirates,2013,263100
united_arab_emirates,2014,263100
united_arab_emirates,2015,256700
united_arab_emirates,2016,198500
united_arab_emirates,2017,194381.5
united_kingdom,2005,2828127
united_kingdom,2006,2734360
united_kingdom,2007,2799619
united_kingdom,2008,2485258
united_kingdom,2009,2222542
united_kingdom,2010,2293576
united_kingdom,2011,2249483
united_kingdom,2012,2333763
united_kingdom,2013,2595713
united_kingdom,2014,2843025
united_kingdom,2015,3061406
united_kingdom,2016,3123755
united_kingdom,2017,2955182.283
united_states,2005,17444329
united_states,2006,17048981
united_states,2007,16460315
united_states,2008,13493165
united_states,2009,10601368
united_states,2010,11772219
united_states,2011,13040613
united_states,2012,14785936
united_states,2013,15883443
united_states,2014,16843464
united_states,2015,17845624
united_states,2016,17865773
united_states,2017,17583841.6
uruguay,2005,15000
uruguay,2006,15000
uruguay,2007,19000
uruguay,2008,25000
uruguay,2009,38000
uruguay,2010,55000
uruguay,2011,54969
uruguay,2012,56459
uruguay,2013,61054
uruguay,2014,56548
uruguay,2015,51318
uruguay,2016,47114
uruguay,2017,61483.872
uzbekistan,2005,35200
uzbekistan,2006,38100
uzbekistan,2007,40800
uzbekistan,2008,56500
uzbekistan,2009,59000
uzbekistan,2010,56500
uzbekistan,2011,62000
uzbekistan,2012,57000
uzbekistan,2013,57500
uzbekistan,2014,58100
uzbekistan,2015,58100
uzbekistan,2016,56300
uzbekistan,2017,58968
"venezuela,_rb",2005,174757
"venezuela,_rb",2006,209203
"venezuela,_rb",2007,318572
"venezuela,_rb",2008,200341
"venezuela,_rb",2009,136517
"venezuela,_rb",2010,125202
"venezuela,_rb",2011,120689
"venezuela,_rb",2012,130553
"venezuela,_rb",2013,98878
"venezuela,_rb",2014,23707
"venezuela,_rb",2015,14700
"venezuela,_rb",2016,5200
"venezuela,_rb",2017,14083.6
vietnam,2005,35264
vietnam,2006,41133
vietnam,2007,81056
vietnam,2008,111950
vietnam,2009,119459
vietnam,2010,112224
vietnam,2011,110938
vietnam,2012,80487
vietnam,2013,96692
vietnam,2014,134562
vietnam,2015,208566
vietnam,2016,271833
vietnam,2017,269569.575
"yemen,_rep.",2005,9100
"yemen,_rep.",2006,10800
"yemen,_rep.",2007,10700
"yemen,_rep.",2008,11000
"yemen,_rep.",2009,11000
"yemen,_rep.",2010,4000
"yemen,_rep.",2011,4000
"yemen,_rep.",2012,4100
"yemen,_rep.",2013,4000
"yemen,_rep.",2014,4600
"yemen,_rep.",2015,5600
"yemen,_rep.",2016,3600
"yemen,_rep.",2017,4950
zambia,2005,2950
zambia,2006,3480
zambia,2007,3560
zambia,2008,3600
zambia,2009,4000
zambia,2010,3000
zambia,2011,3000
zambia,2012,3500
zambia,2013,4000
zambia,2014,4000
zambia,2015,3400
zambia,2016,3200
zambia,2017,4862.3
zimbabwe,2005,12000
zimbabwe,2006,11000
zimbabwe,2007,5000
zimbabwe,2008,5000
zimbabwe,2009,4500
zimbabwe,2010,3000
zimbabwe,2011,4300
zimbabwe,2012,4400
zimbabwe,2013,5000
zimbabwe,2014,5800
zimbabwe,2015,2500
zimbabwe,2016,2200
zimbabwe,2017,2142.7
